{
    "accuracy": 0.5576519916142557,
    "precision": 0.5576519916142557,
    "recall": 1.0,
    "f1": 0.7160161507402423,
    "TN": 0,
    "FP": 211,
    "FN": 0,
    "TP": 266
}