{
    "accuracy": 0.5765199161425576,
    "precision": 0.5826271186440678,
    "recall": 0.9821428571428571,
    "f1": 0.7313829787234043,
    "TN": 0,
    "FP": 197,
    "FN": 5,
    "TP": 275
}